[
  {
    "name": "${workspace_env}-revyse-worker",
    "image": "${app_image}",
    "command": ["start:worker"],
    "cpu": ${worker_cpu},
    "memory": ${worker_memory},
    "networkMode": "awsvpc",
    "logConfiguration": {
      "logDriver": "awslogs",
      "options": {
        "awslogs-group": "/ecs/revyse-worker/${workspace_env}",
        "awslogs-region": "${aws_region}",
        "awslogs-stream-prefix": "ecs"
      }
    },
    "environment": [
      {
        "name": "DB_HOST",
        "value": "${db_host}"
      },
      {
        "name": "DB_PORT",
        "value": "${db_port}"
      },
      {
        "name": "DB_NAME",
        "value": "${db_name}"
      },
      {
        "name": "AWS_S3_BUCKET",
        "value": "${s3_bucket}"
      },
      {
        "name": "REVYSE_UI_ORIGIN",
        "value": "${revyse_ui_origin}"
      },
      {
        "name": "SMTP_FROM",
        "value": "Revyse<info@mail.revyse.com>"
      },
      {
        "name": "SMTP_HOST",
        "value": "email-smtp.us-west-2.amazonaws.com"
      },
      {
        "name": "SMTP_PORT",
        "value": "465"
      },
      {
        "name": "SMTP_USE_TLS",
        "value": "true"
      },
      {
        "name": "LOG_LEVEL",
        "value": "${log_level}"
      },
      {
        "name": "CUSTOMER_SUPPORT_EMAIL_LIST",
        "value": "${customer_support_email_list}"
      },
      {
        "name": "GTM_ID",
        "value": "${gtm_id}"
      },
      {
        "name": "HOT_JAR_ID",
        "value": "${hot_jar_id}"
      },
      {
        "name": "CIRCLE_API_HOST",
        "value": "https://app.circle.so"
      },
      {
        "name": "REDIS_CLUSTER_ENDPOINT",
        "value": "${redis_cluster_endpoint}"
      },
      {
        "name": "FF_ALLOW_ROBOTS",
        "value": "${ff_allow_robots}"
      },
      {
        "name": "FF_CLIPPY",
        "value": "${ff_clippy}"
      },
      {
        "name": "FF_SHOW_VENDOR_FILTERS",
        "value": "${ff_show_vendor_filters}"
      },
      {
        "name": "FF_INTELLIGENCE_SHOW_ENTITIES_SELECTOR",
        "value": "${ff_intelligence_show_entities_selector}"
      },
      {
        "name": "FF_INTELLIGENCE_SHOW_CONTRACTING_PARTY",
        "value": "${ff_intelligence_show_contracting_party}"
      }
    ],
    "secrets": [
      {
        "name": "DB_USER",
        "valueFrom": "arn:aws:ssm:${aws_region}:${aws_account_id}:parameter/${workspace_env}_DB_USER"
      },
      {
        "name": "DB_PASS",
        "valueFrom": "arn:aws:ssm:${aws_region}:${aws_account_id}:parameter/${workspace_env}_DB_PASS"
      },
      {
        "name": "SESSION_SECRET",
        "valueFrom": "arn:aws:ssm:${aws_region}:${aws_account_id}:parameter/${workspace_env}_SESSION_SECRET"
      },
      {
        "name": "SMTP_USER",
        "valueFrom": "arn:aws:ssm:${aws_region}:${aws_account_id}:parameter/${workspace_env}_SMTP_USER"
      },
      {
        "name": "SMTP_PASS",
        "valueFrom": "arn:aws:ssm:${aws_region}:${aws_account_id}:parameter/${workspace_env}_SMTP_PASS"
      },
      {
        "name": "AWS_SECRET_ACCESS_KEY",
        "valueFrom": "arn:aws:ssm:${aws_region}:${aws_account_id}:parameter/${workspace_env}_AWS_SECRET_ACCESS_KEY"
      },
      {
        "name": "AWS_ACCESS_KEY_ID",
        "valueFrom": "arn:aws:ssm:${aws_region}:${aws_account_id}:parameter/${workspace_env}_AWS_ACCESS_KEY_ID"
      },
      {
        "name": "STRIPE_SECRET_KEY",
        "valueFrom": "arn:aws:ssm:${aws_region}:${aws_account_id}:parameter/${workspace_env}_STRIPE_SECRET_KEY"
      },
      {
        "name": "STRIPE_WEBHOOK_SECRET",
        "valueFrom": "arn:aws:ssm:${aws_region}:${aws_account_id}:parameter/${workspace_env}_STRIPE_WEBHOOK_SECRET"
      },
      {
        "name": "MAIL_CHIMP_API_KEY",
        "valueFrom": "arn:aws:ssm:${aws_region}:${aws_account_id}:parameter/${workspace_env}_MAIL_CHIMP_API_KEY"
      },
      {
        "name": "CIRCLE_API_TOKEN",
        "valueFrom": "arn:aws:ssm:${aws_region}:${aws_account_id}:parameter/${workspace_env}_CIRCLE_API_TOKEN"
      },
      {
        "name": "RECAPTCHA_SECRET_KEY",
        "valueFrom": "arn:aws:ssm:${aws_region}:${aws_account_id}:parameter/${workspace_env}_RECAPTCHA_SECRET_KEY"
      },
      {
        "name": "OPENAI_API_KEY",
        "valueFrom": "arn:aws:ssm:${aws_region}:${aws_account_id}:parameter/${workspace_env}_OPENAI_API_KEY"
      },
      {
        "name": "PINECONE_API_KEY",
        "valueFrom": "arn:aws:ssm:${aws_region}:${aws_account_id}:parameter/${workspace_env}_PINECONE_API_KEY"
      },
      {
        "name": "PINECONE_ENVIRONMENT",
        "valueFrom": "arn:aws:ssm:${aws_region}:${aws_account_id}:parameter/${workspace_env}_PINECONE_ENVIRONMENT"
      }
    ]
  }
]
